molecule_chembl_id,canonical_smiles,standard_value,bioactivity_class
CHEMBL1460757,O=C(O)[C@@H]1CCCC[C@@H]1C(=O)N1CCc2ccccc2C1CN1C(=O)c2ccccc2C1=O,3000.0,intermediate
CHEMBL3237245,COc1ccc(S(=O)(=O)N(CC(=O)O)c2ccc(N(CC(=O)O)S(=O)(=O)c3ccc(OC)cc3)c3ccccc23)cc1,29.0,active
CHEMBL3422852,Cc1cccc2c1CCN(C(=O)[C@H]1CCCC[C@H]1C(=O)O)[C@@H]2CN1Cc2ccccc2C1=O,750.0,active
CHEMBL3185746,O=C(O)[C@@H]1CCCC[C@@H]1C(=O)N1CCc2ccccc2[C@H]1CN1C(=O)c2ccccc2C1=O,2300.0,intermediate
CHEMBL2381968,O=C(O)[C@H]1CCCC[C@H]1C(=O)N1CCc2ccccc2[C@H]1CN1C(=O)c2ccccc2C1=O,3000.0,intermediate
CHEMBL3600957,COc1ccc(S(=O)(=O)N(CC(=O)O)c2ccc(N(CC(=O)O)S(=O)(=O)c3ccc(OC)cc3)cc2)cc1,1448.0,intermediate
CHEMBL3601205,Cc1ccc(S(=O)(=O)N(CC(=O)O)c2ccc(N(CC(=O)O)S(=O)(=O)c3ccc(C)cc3)cc2)cc1,966.0,active
CHEMBL3601206,COc1ccc(S(=O)(=O)N(CC(=O)O)c2ccc(N(CC(=O)O)S(=O)(=O)c3ccc(OC)cc3)c(C)c2)cc1,1666.0,intermediate
CHEMBL3601207,COc1ccc(S(=O)(=O)N(CC(=O)O)c2cc(C)c(N(CC(=O)O)S(=O)(=O)c3ccc(OC)cc3)cc2C)cc1,10170.0,inactive
CHEMBL3600394,COc1ccc(S(=O)(=O)N(CC(=O)O)c2ccc(N(CC(=O)O)S(=O)(=O)c3ccc(OC)cc3)c(OC)c2)cc1,602.0,active
CHEMBL3601208,Cc1ccc(S(=O)(=O)N(CC(=O)O)c2ccc(N(CC(=O)O)S(=O)(=O)c3ccc(C)cc3)c3ccccc23)cc1,18.1,active
CHEMBL3601209,O=C(O)CN(c1ccc(N(CC(=O)O)S(=O)(=O)c2ccc(F)cc2)c2ccccc12)S(=O)(=O)c1ccc(F)cc1,54.3,active
CHEMBL3601210,O=C(O)CN(c1ccc(N(CC(=O)O)S(=O)(=O)c2ccc(Cl)cc2)c2ccccc12)S(=O)(=O)c1ccc(Cl)cc1,42.3,active
CHEMBL3601211,O=C(O)CN(c1ccc(N(CC(=O)O)S(=O)(=O)c2ccc(Br)cc2)c2ccccc12)S(=O)(=O)c1ccc(Br)cc1,36.5,active
CHEMBL3601212,CC(=O)Nc1ccc(S(=O)(=O)N(CC(=O)O)c2ccc(N(CC(=O)O)S(=O)(=O)c3ccc(NC(C)=O)cc3)c3ccccc23)cc1,14.4,active
CHEMBL3601213,CC(C)(C)c1ccc(S(=O)(=O)N(CC(=O)O)c2ccc(N(CC(=O)O)S(=O)(=O)c3ccc(C(C)(C)C)cc3)c3ccccc23)cc1,50.2,active
CHEMBL3601214,Cc1cc(C)c(S(=O)(=O)N(CC(=O)O)c2ccc(N(CC(=O)O)S(=O)(=O)c3c(C)cc(C)cc3C)c3ccccc23)c(C)c1,979.0,active
CHEMBL3601215,O=C(O)CN(c1ccc(N(CC(=O)O)S(=O)(=O)c2ccccc2)c2ccccc12)S(=O)(=O)c1ccccc1,34.3,active
CHEMBL3601216,O=C(O)CN(c1ccc(N(CC(=O)O)S(=O)(=O)c2ccc(OC(F)(F)F)cc2)c2ccccc12)S(=O)(=O)c1ccc(OC(F)(F)F)cc1,179.0,active
CHEMBL3601217,O=C(O)CN(c1ccc(N(CC(=O)O)S(=O)(=O)c2cccc3ccccc23)c2ccccc12)S(=O)(=O)c1cccc2ccccc12,47.4,active
CHEMBL3601218,O=C(O)CN(c1ccc(N(CC(=O)O)S(=O)(=O)c2ccc(C(F)(F)F)cc2)c2ccccc12)S(=O)(=O)c1ccc(C(F)(F)F)cc1,122.0,active
CHEMBL3601219,COc1cccc(S(=O)(=O)N(CC(=O)O)c2ccc(N(CC(=O)O)S(=O)(=O)c3cccc(OC)c3)c3ccccc23)c1,66.1,active
CHEMBL3601220,N#Cc1ccc(S(=O)(=O)N(CC(=O)O)c2ccc(N(CC(=O)O)S(=O)(=O)c3ccc(C#N)cc3)c3ccccc23)cc1,118.0,active
CHEMBL3601221,CCCCc1ccc(S(=O)(=O)N(CC(=O)O)c2ccc(N(CC(=O)O)S(=O)(=O)c3ccc(CCCC)cc3)c3ccccc23)cc1,42.2,active
CHEMBL3601222,COc1ccc(S(=O)(=O)N(CC(=O)O)c2cccc3c(N(CC(=O)O)S(=O)(=O)c4ccc(OC)cc4)cccc23)cc1,1860.0,intermediate
CHEMBL2402207,COc1ccc(S(=O)(=O)Nc2ccc(NS(=O)(=O)c3ccc(OC)cc3)c3ccccc23)cc1,940.0,active
CHEMBL2133303,O=S(=O)(Nc1ccc(NS(=O)(=O)c2ccccc2)c2ccccc12)c1ccccc1,25000.0,inactive
CHEMBL3632699,COc1cccc(S(=O)(=O)Nc2ccc(NS(=O)(=O)c3cccc(OC)c3)c3ccccc23)c1,630.0,active
CHEMBL484276,O=S(=O)(Nc1ccc(NS(=O)(=O)c2ccc(Cl)cc2)c2ccccc12)c1ccc(Cl)cc1,25000.0,inactive
CHEMBL3632700,O=C(O)c1cccc(S(=O)(=O)Nc2ccc(NS(=O)(=O)c3cccc(C(=O)O)c3)c3ccccc23)c1,25000.0,inactive
CHEMBL3632701,O=S(=O)(Nc1ccc(NS(=O)(=O)c2ccc(C(F)(F)F)cc2)c2ccccc12)c1ccc(C(F)(F)F)cc1,25000.0,inactive
CHEMBL3632702,O=S(=O)(Nc1ccc(NS(=O)(=O)c2cccc(C(F)(F)F)c2)c2ccccc12)c1cccc(C(F)(F)F)c1,25000.0,inactive
CHEMBL3632703,COc1ccc(S(=O)(=O)Nc2ccc(NS(=O)(=O)c3ccc(OC)c(OC)c3)c3ccccc23)cc1OC,1100.0,intermediate
CHEMBL3632704,Cc1ccc(S(=O)(=O)Nc2ccc(NS(=O)(=O)c3ccc(C)cc3)c3ccccc23)cc1,890.0,active
CHEMBL3632705,CN(C)c1ccc(S(=O)(=O)Nc2ccc(NS(=O)(=O)c3ccc(N(C)C)cc3)c3ccccc23)cc1,190.0,active
CHEMBL3632706,O=S(=O)(Nc1ccc(NS(=O)(=O)c2ccc(F)cc2)c2ccccc12)c1ccc(F)cc1,660.0,active
CHEMBL3632707,CCOC(=O)CN(c1ccc(N(CC(=O)OCC)S(=O)(=O)c2ccc(OC)cc2)c2ccccc12)S(=O)(=O)c1ccc(OC)cc1,25000.0,inactive
CHEMBL3632708,C=CCN(c1ccc(N(CC=C)S(=O)(=O)c2ccc(OC)cc2)c2ccccc12)S(=O)(=O)c1ccc(OC)cc1,25000.0,inactive
CHEMBL3632709,COc1ccc(S(=O)(=O)N(C)c2ccc(N(C)S(=O)(=O)c3ccc(OC)cc3)c3ccccc23)cc1,25000.0,inactive
CHEMBL3632710,CCN(c1ccc(N(CC)S(=O)(=O)c2ccc(OC)cc2)c2ccccc12)S(=O)(=O)c1ccc(OC)cc1,25000.0,inactive
CHEMBL3632711,COc1ccc(S(=O)(=O)N(CC(N)=O)c2ccc(N(CC(N)=O)S(=O)(=O)c3ccc(OC)cc3)c3ccccc23)cc1,63.0,active
CHEMBL3632712,C#CCN(c1ccc(N(CC#C)S(=O)(=O)c2ccc(OC)cc2)c2ccccc12)S(=O)(=O)c1ccc(OC)cc1,25000.0,inactive
CHEMBL3632713,COc1ccc(S(=O)(=O)Nc2ccc(NS(=O)(=O)c3ccccc3)c3ccccc23)cc1,25000.0,inactive
CHEMBL3632714,COc1ccc(S(=O)(=O)Nc2ccc(NS(=O)(=O)c3ccc(C(F)(F)F)cc3)c3ccccc23)cc1,25000.0,inactive
CHEMBL3632880,O=S(=O)(Nc1ccc(NS(=O)(=O)c2ccc(C(F)(F)F)cc2)c2ccccc12)c1ccccc1,25000.0,inactive
CHEMBL3632881,COc1ccc(S(=O)(=O)Nc2ccc(NS(=O)(=O)c3cccc(OC)c3)c3ccccc23)cc1,410.0,active
CHEMBL3632882,CCOC(=O)CN(c1ccc(NS(=O)(=O)c2ccc(OC)cc2)c2ccccc12)S(=O)(=O)c1ccc(OC)cc1,85.0,active
CHEMBL3617852,COc1ccc(S(=O)(=O)Nc2ccc(N(CC(=O)O)S(=O)(=O)c3ccc(OC)cc3)c3ccccc23)cc1,61.0,active
CHEMBL3392606,COc1ccc(S(=O)(=O)Nc2cccc3ccccc23)cc1,25000.0,inactive
CHEMBL3632883,COc1ccc(S(=O)(=O)N(CC(=O)O)c2cccc3ccccc23)cc1,25000.0,inactive
CHEMBL3632884,COc1ccc(S(=O)(=O)Nc2cc(NS(=O)(=O)c3ccc(OC)cc3)c3ccccc3c2)cc1,25000.0,inactive
CHEMBL3632885,COc1ccc(S(=O)(=O)Nc2cc3ccccc3cc2NS(=O)(=O)c2ccc(OC)cc2)cc1,25000.0,inactive
CHEMBL3632886,COc1ccc(S(=O)(=O)N(CC(N)=O)c2cc(N(CC(N)=O)S(=O)(=O)c3ccc(OC)cc3)c3ccccc3c2)cc1,25000.0,inactive
CHEMBL3632887,COc1ccc(S(=O)(=O)N(CC(=O)O)c2cc(N(CC(=O)O)S(=O)(=O)c3ccc(OC)cc3)c3ccccc3c2)cc1,5500.0,intermediate
CHEMBL3632888,COc1ccc(S(=O)(=O)Nc2cc3ccccc3cc2N(CC(N)=O)S(=O)(=O)c2ccc(OC)cc2)cc1,25000.0,inactive
CHEMBL3632889,COc1ccc(C(=O)Nc2ccc(NC(=O)c3ccc(OC)cc3)c3ccccc23)cc1,25000.0,inactive
CHEMBL3632890,COc1ccc(S(=O)(=O)Nc2ccc(NS(=O)(=O)c3ccc(OC)cc3)cc2)cc1,25000.0,inactive
CHEMBL3946369,CCCCCCCCCCCCCCCCCC(=O)N[C@@H](CC(=O)O)C(=O)N1CCC[C@H]1C(=O)N[C@@H](CCC(=O)O)C(=O)N[C@H](C(=O)NCC(=O)N[C@@H](CCC(=O)O)C(=O)N[C@@H](CC(C)C)C(=O)O)[C@@H](C)O,22.0,active
CHEMBL3919787,CC(=O)N[C@@H](CC(N)=O)C(=O)N1CCC[C@H]1C(=O)N[C@@H](CCC(=O)O)C(=O)N[C@H](C(=O)NCC(=O)N[C@@H](CCC(=O)O)C(=O)N[C@@H](CC(C)C)C(=O)O)[C@@H](C)O,875.0,active
CHEMBL3965182,CC(=O)N[C@@H](CC(=O)O)C(=O)N1CCC[C@H]1C(=O)N[C@@H](CCC(=O)O)C(=O)N[C@H](C(=O)NCC(=O)N[C@@H](CCC(=O)O)C(=O)N[C@@H](CC(C)C)C(N)=O)[C@@H](C)O,634.0,active
CHEMBL3939457,CCOc1ccc(S(=O)(=O)Nc2ccc(NS(=O)(=O)c3ccc(OCC)cc3)c3ccccc23)cc1,2800.0,intermediate
CHEMBL3948237,CCOc1ccc(S(=O)(=O)Nc2cc(CC(C)=O)c(NS(=O)(=O)c3ccc(OCC)cc3)c3ccccc23)cc1,6200.0,intermediate
CHEMBL3977467,COc1ccc(S(=O)(=O)Nc2cc(CC(C)=O)c(NS(=O)(=O)c3ccc(OC)cc3)c3ccccc23)cc1,3200.0,intermediate
CHEMBL3906697,CCOc1ccc(S(=O)(=O)Nc2cc(CC(=O)O)c(NS(=O)(=O)c3ccc(OCC)cc3)c3ccccc23)cc1,320.0,active
CHEMBL3928944,CCOc1ccc(S(=O)(=O)Nc2cc(CCC(=O)O)c(NS(=O)(=O)c3ccc(OCC)cc3)c3ccccc23)cc1,230.0,active
CHEMBL3962296,CCOc1ccc(S(=O)(=O)Nc2cc(CCCC(=O)O)c(NS(=O)(=O)c3ccc(OCC)cc3)c3ccccc23)cc1,150.0,active
CHEMBL3934789,CCOc1ccc(S(=O)(=O)Nc2cc(Sc3nc[nH]n3)c(NS(=O)(=O)c3ccc(OCC)cc3)c3ccccc23)cc1,1300.0,intermediate
CHEMBL3953535,CCOc1ccc(S(=O)(=O)Nc2cc(SCC(=O)OC)c(NS(=O)(=O)c3ccc(OCC)cc3)c3ccccc23)cc1,720.0,active
CHEMBL3925906,CCOc1ccc(S(=O)(=O)Nc2cc(SCC(=O)O)c(NS(=O)(=O)c3ccc(OCC)cc3)c3ccccc23)cc1,200.0,active
CHEMBL4175603,CCCC[C@@H]1CCCN1C(=O)c1cccc(-c2cccc(-n3ncc(C(=O)O)c3C3CC3)c2)c1,10.0,active
CHEMBL4160447,C[C@H](Oc1cccc(-c2cccc(-n3ncc(C(=O)O)c3[C@@H]3C[C@H]3c3cn(C)nn3)c2)c1)C1CCCCC1,10.0,active
CHEMBL4176009,O=C(O)[C@H]1CCCC[C@H]1C(=O)N1CCc2ccccc2[C@H]1Cc1ccccc1,100000.0,inactive
CHEMBL4165400,O=C(O)[C@H]1NCCC[C@H]1C(=O)N1CCc2ccccc2[C@H]1CN1C(=O)c2ccccc2C1=O,69700.0,inactive
CHEMBL3186228,O=C1c2ccccc2C(=O)N1C[C@@H]1c2ccccc2CCN1C(=O)C1CCCCC1,100000.0,inactive
CHEMBL3890847,Cc1cccc2c1CCN(C(=O)[C@@H]1CCCC[C@@H]1C(=O)O)[C@@H]2CN1Cc2ccccc2C1=O,750.0,active
CHEMBL4167678,O=C(O)[C@H]1CCCC[C@H]1C(=O)N1CCc2ccccc2[C@H]1CN1Cc2ccccc2C1=O,1100.0,intermediate
CHEMBL4167472,O=C1c2ccccc2C(=O)N1C[C@@H]1c2ccccc2CCN1C(=O)[C@@H]1CCCC[C@@H]1c1nn[nH]n1,7400.0,intermediate
CHEMBL4171299,COc1ccc(S(=O)(=O)N(CC(=O)O)Cc2cc(-c3ccccc3)cc(N(CC(=O)O)S(=O)(=O)c3ccc(OC)cc3)c2)cc1,25000.0,inactive
CHEMBL4160703,COc1ccc(S(=O)(=O)N(CC=CCN(CC(=O)O)S(=O)(=O)c2ccc(OC)cc2)CC(=O)O)cc1,25000.0,inactive
CHEMBL4176664,COc1ccc(S(=O)(=O)N(CC(=O)O)C(=O)c2ccccc2C(=O)N(CC(=O)O)S(=O)(=O)c2ccc(OC)cc2)cc1,25000.0,inactive
CHEMBL4166048,COc1ccc(S(=O)(=O)N(CC(=O)O)Cc2ccccc2CN(CC(=O)O)S(=O)(=O)c2ccc(OC)cc2)cc1,25000.0,inactive
CHEMBL4173296,COc1ccc(S(=O)(=O)N(CC(=O)O)c2nnc(N(CC(=O)O)S(=O)(=O)c3ccc(OC)cc3)c3ccccc23)cc1,1100.0,intermediate
CHEMBL4162602,COc1ccc(S(=O)(=O)Nc2nnc(NS(=O)(=O)c3ccc(OC)cc3)c3ccccc23)cc1,25000.0,inactive
CHEMBL4169869,COc1ccc(S(=O)(=O)N(CC(=O)O)c2ccc(N(CC(=O)O)S(=O)(=O)c3ccc(OC)cc3)c3[nH]ccc23)cc1,1300.0,intermediate
CHEMBL4159226,COc1ccc(S(=O)(=O)Nc2ccc(NS(=O)(=O)c3ccc(OC)cc3)c3[nH]ccc23)cc1,25000.0,inactive
CHEMBL4166445,COc1ccc(S(=O)(=O)N(CC(=O)O)c2ccc(N(CC(=O)O)S(=O)(=O)c3ccc(OC)cc3)c3ncccc23)cc1,101.0,active
CHEMBL4174360,COc1ccc(S(=O)(=O)Nc2ccc(NS(=O)(=O)c3ccc(OC)cc3)c3ncccc23)cc1,25000.0,inactive
CHEMBL4174651,COc1ccc(S(=O)(=O)N(CC(=O)O)c2cnc(N(CC(=O)O)S(=O)(=O)c3ccc(OC)cc3)c3ccccc23)cc1,60.0,active
CHEMBL4176126,COc1ccc(S(=O)(=O)N(CC(=O)O)c2ccc(N(CC(=O)O)S(=O)(=O)c3ccc(OC)cc3)nc2)cc1,25000.0,inactive
CHEMBL48802,C[S+]([O-])CCCCN=C=S,100000.0,inactive
CHEMBL4462256,O=C(NCCCCN=C=S)Nc1ccc2nccnc2c1,15848.93,inactive
CHEMBL4540401,CN1CCC(SC(=S)NCCCCNC(=O)Nc2ccc3nccnc3c2)CC1,10000.0,inactive
CHEMBL4474353,CN(C)c1c(N(C)CCCN=C=S)c(=O)c1=O,100000.0,inactive
CHEMBL4067519,C[S+]([O-])CCCN=C=S,100000.0,inactive
CHEMBL4520951,C[S+]([O-])CCCCCN=C=S,100000.0,inactive
CHEMBL573428,C[S+]([O-])CCCCCCN=C=S,100000.0,inactive
CHEMBL4593698,CN1CCC(SC(=S)NCCCC[S+](C)[O-])CC1,100000.0,inactive
CHEMBL49121,CC(=O)CCCCN=C=S,100000.0,inactive
CHEMBL4475734,CNC(=O)CCCCN=C=S,100000.0,inactive
CHEMBL4535901,O=C(CCCCN=C=S)NCc1ccccc1,19952.62,inactive
CHEMBL4573284,C[S+]([O-])CCCCNC(=S)SC[C@H](NC(=O)CC[C@H](N)C(=O)O)C(=O)NCC(=O)O,100000.0,inactive
CHEMBL4245297,CC(=O)N[C@@H](CSC(=S)NCCCC[S+](C)[O-])C(=O)O,100000.0,inactive
CHEMBL4454525,C[S+]([O-])CCCCNC(=S)SCCNC(=O)OC(C)(C)C,100000.0,inactive
CHEMBL4542698,COC(=O)[C@H](CSC(=S)NCCCC[S+](C)[O-])NC(C)=O,100000.0,inactive
CHEMBL4282333,CC(=O)NCCSC(=S)NCCCC[S+](C)[O-],100000.0,inactive
CHEMBL4435486,C[S+]([O-])CCCCNC(=S)SC1CCN(C(=O)OC(C)(C)C)CC1,100000.0,inactive
CHEMBL4440014,C[S+]([O-])CCCCNC(=S)SC1CCNCC1.O=C(O)C(F)(F)F,100000.0,inactive
CHEMBL4435708,CCCCNCCSC(=S)NCCCC[S+](C)[O-],100000.0,inactive
CHEMBL4581104,C[S+]([O-])CCCCNC(=S)SCc1cccc([N+](=O)[O-])c1,100000.0,inactive
CHEMBL4466014,CN1CCC(SC(=S)NCC2CCS(=O)(=O)C2)CC1,100000.0,inactive
CHEMBL4559787,C[S+]([O-])CCCCNC(=S)SCCCO,25118.86,inactive
CHEMBL4458900,C[S+]([O-])CCCCNC(=S)SCCSC(=S)NCCCC[S+](C)[O-],100000.0,inactive
CHEMBL4451846,CN1CCC(SC(=S)NCCCCNC(=O)NCc2ccccc2)CC1,19952.62,inactive
CHEMBL4551719,CC(C)(C)OC(=O)N1CCC(SC(=S)NCCCCNC(=O)NCc2ccccc2)CC1,7943.28,intermediate
CHEMBL4438829,CN1CCC(SC(=S)NCCCCNC(=O)Nc2ccc3c(c2)OCO3)CC1,19952.62,inactive
CHEMBL4457869,CN1CCC(SC(=S)NCCCCNC(=O)NC2CCCC2)CC1,39810.72,inactive
CHEMBL4458395,CNC(=O)NCCCCNC(=S)SC1CCN(C(=O)OC(C)(C)C)CC1,100000.0,inactive
CHEMBL4442054,CC(C)(C)OC(=O)N1CCC(SC(=S)NCCCCNC(=O)Nc2cccnc2)CC1,50118.72,inactive
CHEMBL4461249,CC(C)(C)OC(=O)N1CCC(SC(=S)NCCCCNC(=O)Nc2ccc3c(c2)OCO3)CC1,50118.72,inactive
CHEMBL4517611,CN1CCC(SC(=S)NCCCCNC(=O)CC2CCCC2)CC1,50118.72,inactive
CHEMBL4549580,CC(C)(C)OC(=O)N1CCC(SC(=S)NCCCCNC(=O)NC2CCCC2)CC1,100000.0,inactive
CHEMBL4438676,Cl.O=C(NCCCCNC(=S)SC1CCNCC1)NC1CCCC1,50118.72,inactive
CHEMBL4464674,CN1CCC(SC(=S)NCCCCNC(=O)OCc2ccccc2Cl)CC1,3981.07,intermediate
CHEMBL4476374,CC(C)(C)OC(=O)N1CCC(SC(=S)NCCCCNC(=O)Nc2ccncc2)CC1,31622.78,inactive
CHEMBL4547692,CC(C)(C)OC(=O)N1CCC(SC(=S)NCCCCNC(=O)OCc2ccccc2Cl)CC1,2511.89,intermediate
CHEMBL4444488,CN1CCC(SC(=S)NCCCCNC(=O)Nc2cccnc2)CC1,39810.72,inactive
CHEMBL4516024,CN1CCC(SC(=S)NCCCCNC(=O)Nc2ccncc2)CC1,19952.62,inactive
CHEMBL4474042,Cl.O=C(NCCCCNC(=S)SC1CCNCC1)Nc1ccncc1,50118.72,inactive
CHEMBL4526962,CN1CCC(SC(=S)NCCCCNC(=O)Oc2ccccc2)CC1,25118.86,inactive
CHEMBL4548701,CN1CCC(SC(=S)NCCCCS(=O)(=O)c2ccncc2)CC1,100000.0,inactive
CHEMBL4516926,CN1CCC(SC(=S)NCCCCNC(=O)OCc2ccccc2)CC1,10000.0,inactive
CHEMBL4472577,CN1CCC(SC(=S)NCCCCNC(=O)OCc2ccccn2)CC1,39810.72,inactive
CHEMBL4566281,CC(C)(C)OC(=O)N1CCC(SC(=O)NCCCCNC(=S)SC2CCN(C(=O)OC(C)(C)C)CC2)CC1,100000.0,inactive
CHEMBL4460991,CC(C)(C)OC(=O)N1CCC(SC(=S)NCCCCNC(=O)OCc2ccccn2)CC1,100000.0,inactive
CHEMBL4559284,CN1CCC(SC(=S)NCCCCNC(=O)Nc2ccc3c(c2)OCCO3)CC1,12589.25,inactive
CHEMBL4570062,CC(C)(C)OC(=O)N1CCC(SC(=S)NCCCCNC(=O)Nc2ccc3c(c2)OCCO3)CC1,31622.78,inactive
CHEMBL4554978,CN1CCC(SC(=S)NCCCCNC(=O)CC2CCCCC2)CC1,15848.93,inactive
CHEMBL4572303,CN1CCC(SC(=S)NCCCCNC(=O)Nc2ccc3ncsc3c2)CC1,7943.28,intermediate
CHEMBL4473247,CC(C)(C)OC(=O)N1CCC(SC(=S)NCCCCNC(=O)Nc2ccc3ncsc3c2)CC1,31622.78,inactive
CHEMBL4516787,CCNC(=O)N1CCC(SC(=S)NCCCCNC(=O)NCc2ccccc2)CC1,63095.73,inactive
CHEMBL4475357,CC(C)(C)OC(=O)N1CCC(SC(=S)NCCCCNC(=O)Nc2ccc3nccnc3c2)CC1,15848.93,inactive
CHEMBL4466559,O=S1(=O)CCC(CN=C=S)C1,100000.0,inactive
CHEMBL4570631,CN(C)C(=O)CCCCN=C=S,100000.0,inactive
CHEMBL4462411,O=C(NCCCCN=C=S)OCc1ccccc1,12589.25,inactive
CHEMBL4467911,CC(=O)NCCCCN=C=S,100000.0,inactive
CHEMBL4519919,Cn1cc(CCN=C=S)c2ccccc21,10000.0,inactive
CHEMBL4552993,O=S(=O)(CCCCN=C=S)c1ccccn1,31622.78,inactive
CHEMBL4575527,Cc1ccccc1S(=O)(=O)CCCCN=C=S,31622.78,inactive
CHEMBL4524323,O=S(=O)(CCCCN=C=S)c1ccccc1,50118.72,inactive
CHEMBL4578635,CC(=O)NCCS(=O)(=O)CCCCN=C=S,100000.0,inactive
CHEMBL4582012,[O-][S+](CCCCN=C=S)c1ccncc1,25118.86,inactive
CHEMBL4521085,CC(=O)NCC[S+]([O-])CCCCN=C=S,100000.0,inactive
CHEMBL4561862,[O-][S+](CCCCN=C=S)c1ccccn1,31622.78,inactive
CHEMBL2391460,[O-][S+](CCCCN=C=S)c1ccccc1,50118.72,inactive
CHEMBL4455174,S=C=NCCN1CCSCC1,100000.0,inactive
CHEMBL4521817,COC(=O)C(C[S+]([O-])CCCCN=C=S)NC(C)=O,100000.0,inactive
CHEMBL4534378,O=S(=O)(CC1(N2CCC(CN=C=S)C2)COC1)c1ccccc1,50118.72,inactive
CHEMBL4434840,Cc1ccccc1[S+]([O-])CCCCN=C=S,63095.73,inactive
CHEMBL4537143,COC(=O)C(CS(=O)(=O)CCCCN=C=S)NC(C)=O,100000.0,inactive
CHEMBL4536548,CN(C)CCCS(=O)(=O)CCCCN=C=S,100000.0,inactive
CHEMBL4483529,O=S(=O)(CCCCN=C=S)CCN1CCOCC1,100000.0,inactive
CHEMBL4463880,CN(C)CCC[S+]([O-])CCCCN=C=S,100000.0,inactive
CHEMBL4548079,CC(=O)N(C)CC[S+]([O-])CCCCN=C=S,100000.0,inactive
CHEMBL4457700,O=C(O)C(F)(F)F.[O-][S+](CCCCN=C=S)CCN1CCOCC1,100000.0,inactive
CHEMBL4457038,CC(=O)N(C)CCS(=O)(=O)CCCCN=C=S,100000.0,inactive
CHEMBL4533729,CN(C)CC[S+]([O-])CCCCN=C=S,100000.0,inactive
CHEMBL4443689,CN(C)CCS(=O)(=O)CCCCN=C=S,100000.0,inactive
CHEMBL4587608,CS(=O)(=O)N1CCC(CN=C=S)C1,100000.0,inactive
CHEMBL4444437,O=S(=O)(CC1(c2ccc(N=C=S)cc2)COC1)c1ccccc1,39810.72,inactive
CHEMBL4467145,O=S1(=O)CCN(CCN=C=S)CC1,100000.0,inactive
CHEMBL4457699,CS(=O)(=O)N1CCC(CCN=C=S)C1,100000.0,inactive
CHEMBL4444262,O=C(NCCCCN=C=S)c1cccnc1,50118.72,inactive
CHEMBL4587100,O=C(CCc1ccccc1)NCCCCN=C=S,25118.86,inactive
CHEMBL4464054,O=C(NCCCCN=C=S)c1ccno1,63095.73,inactive
CHEMBL4447969,O=C(NCCCCN=C=S)Nc1ccc2c(c1)OCO2,6309.57,intermediate
CHEMBL4553480,O=C(NCCCCN=C=S)Nc1cccnc1,39810.72,inactive
CHEMBL4553998,CNC(=O)NCCCCN=C=S,50118.72,inactive
CHEMBL4448059,O=C(NCCCCN=C=S)NCc1ccccc1,15848.93,inactive
CHEMBL4467167,O=C(NCCCCN=C=S)NC1CCCC1,50118.72,inactive
CHEMBL4555576,O=S(=O)(CC1(N2CCC(CN=C=S)CC2)COC1)c1ccccc1,39810.72,inactive
CHEMBL4474497,O=S(=O)(/C=C(\CO)CN1CCC(CN=C=S)CC1)c1ccccc1,25118.86,inactive
CHEMBL4519435,O=C(NCCCCN=C=S)c1ccncc1,100000.0,inactive
CHEMBL4460396,O=C(NCCCCN=C=S)OCc1ccccc1Cl,5011.87,intermediate
CHEMBL4573383,O=C(NCCCCN=C=S)Nc1ccncc1,31622.78,inactive
CHEMBL4529356,O=C(NCCCN=C=S)OCc1ccccc1,5011.87,intermediate
CHEMBL4560441,O=C(NCCCCN=C=S)OCc1ccncc1,39810.72,inactive
CHEMBL4463144,CC(C)(C)OC(=O)N1CCC(SC(=O)NCCCCN=C=S)CC1,12589.25,inactive
CHEMBL4569352,COCCOC(=O)NCCCCN=C=S,100000.0,inactive
CHEMBL4444684,O=C(NCCCCN=C=S)C1CCCCC1,50118.72,inactive
CHEMBL4578004,O=C(CC1CCCCC1)NCCCCN=C=S,25118.86,inactive
CHEMBL4473289,O=C(NCCCCN=C=S)Nc1ccc2c(c1)OCCO2,15848.93,inactive
CHEMBL4471804,O=C(NCCCCN=C=S)Nc1ccc2scnc2c1,5011.87,intermediate
CHEMBL4592064,CC(=O)Nc1ccc(S(=O)(=O)N(CC(N)=O)c2ccc(N(CC(N)=O)S(=O)(=O)c3ccc(NC(C)=O)cc3)c3ccccc23)cc1,50000.0,inactive
CHEMBL4540101,CC(=O)Nc1ccc(S(=O)(=O)N(CCO)c2ccc(N(CCO)S(=O)(=O)c3ccc(NC(C)=O)cc3)c3ccccc23)cc1,50000.0,inactive
CHEMBL4455786,CC(=O)Nc1ccc(S(=O)(=O)N(CC(=O)NO)c2ccc(N(CC(=O)NO)S(=O)(=O)c3ccc(NC(C)=O)cc3)c3ccccc23)cc1,2600.0,intermediate
CHEMBL4515723,CC(=O)Nc1ccc(S(=O)(=O)N(Cc2c[nH]nn2)c2ccc(N(Cc3c[nH]nn3)S(=O)(=O)c3ccc(NC(C)=O)cc3)c3ccccc23)cc1,609.0,active
CHEMBL4544116,CC(=O)Nc1ccc(S(=O)(=O)N(Cc2nn[nH]n2)c2ccc(N(Cc3nn[nH]n3)S(=O)(=O)c3ccc(NC(C)=O)cc3)c3ccccc23)cc1,15.8,active
CHEMBL4546347,COC(=O)CN(c1ccc(N(CC(=O)OC)S(=O)(=O)c2ccc(NC(C)=O)cc2)c2ccccc12)S(=O)(=O)c1ccc(NC(C)=O)cc1,50000.0,inactive
CHEMBL4587926,C#CCN(c1ccc(N(CC#C)S(=O)(=O)c2ccc(NC(C)=O)cc2)c2ccccc12)S(=O)(=O)c1ccc(NC(C)=O)cc1,50000.0,inactive
CHEMBL4469585,CC(=O)Nc1ccc(S(=O)(=O)N(CC#N)c2ccc(N(CC#N)S(=O)(=O)c3ccc(NC(C)=O)cc3)c3ccccc23)cc1,50000.0,inactive
CHEMBL4648175,O=C(O)CN(c1cnc(N(CC(=O)O)S(=O)(=O)c2ccc(F)cc2)c2ccccc12)S(=O)(=O)c1ccc(F)cc1,430.0,active
CHEMBL4641622,O=C(O)CN(c1cnc(N(CC(=O)O)S(=O)(=O)c2ccc(O)cc2)c2ccccc12)S(=O)(=O)c1ccc(O)cc1,350.0,active
CHEMBL4640093,COc1ccc(S(=O)(=O)N(CC(=O)O)c2cnc(N(CC(=O)O)S(=O)(=O)c3ccc(F)cc3)c3ccccc23)cc1,280.0,active
CHEMBL4637137,COc1ccc(S(=O)(=O)N(CC(=O)O)c2ncc(N(CC(=O)O)S(=O)(=O)c3ccc(F)cc3)c3ccccc23)cc1,240.0,active
CHEMBL4648275,COc1ccc(S(=O)(=O)Nc2ncc(N(CC(=O)O)S(=O)(=O)c3ccc(OC)cc3)c3ccccc23)cc1,1100.0,intermediate
CHEMBL4649822,COc1ccc(S(=O)(=O)Nc2cnc(N(CC(=O)O)S(=O)(=O)c3ccc(OC)cc3)c3ccccc23)cc1,230.0,active
CHEMBL4649258,COc1ccc(S(=O)(=O)Nc2cnc(N(C(C)C(=O)O)S(=O)(=O)c3ccc(OC)cc3)c3ccccc23)cc1,2300.0,intermediate
CHEMBL4635609,COc1ccc(S(=O)(=O)N(C)c2cnc(N(CC(=O)O)S(=O)(=O)c3ccc(OC)cc3)c3ccccc23)cc1,1000.0,active
CHEMBL4646536,COc1ccc(S(=O)(=O)N(CC(F)(F)F)c2cnc(N(CC(=O)O)S(=O)(=O)c3ccc(OC)cc3)c3ccccc23)cc1,73.0,active
CHEMBL4648321,COc1ccc(S(=O)(=O)N(CC(F)(F)F)c2cnc(N(CC(=O)O)S(=O)(=O)c3ccc(F)cc3)c3ccccc23)cc1,130.0,active
CHEMBL4641049,COc1ccc(S(=O)(=O)N(CC(=O)O)c2ncc(N(CC(F)(F)F)S(=O)(=O)c3ccc(F)cc3)c3ccccc23)cc1,120.0,active
CHEMBL4645359,O=C(O)CN(c1ncc(N(CC(F)(F)F)S(=O)(=O)c2ccc(F)cc2)c2ccccc12)S(=O)(=O)c1ccc(F)cc1,420.0,active
CHEMBL4634168,COc1ccc(S(=O)(=O)N(CC(F)F)c2cnc(N(CC(=O)O)S(=O)(=O)c3ccc(OC)cc3)c3ccccc23)cc1,55.0,active
CHEMBL4640762,COc1ccc(S(=O)(=O)N(CCF)c2cnc(N(CC(=O)O)S(=O)(=O)c3ccc(OC)cc3)c3ccccc23)cc1,210.0,active
CHEMBL4760635,COc1ccc(S(=O)(=O)N(CC(=O)O)c2ccc(OC(C(=O)O)c3ccccc3)c3ccccc23)cc1,2280.0,intermediate
CHEMBL4755018,O=C(O)CN(c1ccc(OC(C(=O)O)c2ccccc2)c2ccccc12)S(=O)(=O)c1ccccc1,17780.0,inactive
CHEMBL4762940,Cc1ccc(S(=O)(=O)N(CC(=O)O)c2ccc(OC(C(=O)O)c3ccccc3)c3ccccc23)cc1,2690.0,intermediate
CHEMBL4748615,CC(C)(C)c1ccc(S(=O)(=O)N(CC(=O)O)c2ccc(OC(C(=O)O)c3ccccc3)c3ccccc23)cc1,980.0,active
CHEMBL4748841,COc1ccc(S(=O)(=O)N(CC(=O)O)c2ccc(OC(C(=O)O)c3ccccc3)c3ccccc23)cc1OC,2300.0,intermediate
CHEMBL4747613,Cc1cc(C)c(S(=O)(=O)N(CC(=O)O)c2ccc(OC(C(=O)O)c3ccccc3)c3ccccc23)c(C)c1,580.0,active
CHEMBL4800123,CC(=O)Nc1ccc(S(=O)(=O)N(CC(=O)O)c2ccc(OC(C(=O)O)c3ccccc3)c3ccccc23)cc1,5230.0,intermediate
CHEMBL4750715,O=C(O)CN(c1ccc(OC(C(=O)O)c2ccccc2)c2ccccc12)S(=O)(=O)c1ccc([N+](=O)[O-])cc1,4790.0,intermediate
CHEMBL4763899,NC(=O)c1ccc(S(=O)(=O)N(CC(=O)O)c2ccc(OC(C(=O)O)c3ccccc3)c3ccccc23)cc1,2690.0,intermediate
CHEMBL4757896,O=C(O)CN(c1ccc(OC(C(=O)O)c2ccccc2)c2ccccc12)S(=O)(=O)c1ccc(C(F)(F)F)cc1,6660.0,intermediate
CHEMBL4757023,O=C(O)CN(c1ccc(OC(C(=O)O)c2ccccc2)c2ccccc12)S(=O)(=O)c1ccc(OC(F)(F)F)cc1,5840.0,intermediate
CHEMBL4786655,O=C(O)CN(c1ccc(OC(C(=O)O)c2ccccc2)c2ccccc12)S(=O)(=O)c1ccc(F)cc1,5160.0,intermediate
CHEMBL4763510,O=C(O)CN(c1ccc(OC(C(=O)O)c2ccccc2)c2ccccc12)S(=O)(=O)c1ccc(Cl)cc1,7640.0,intermediate
CHEMBL4782304,O=C(O)CN(c1ccc(OC(C(=O)O)c2ccccc2)c2ccccc12)S(=O)(=O)c1ccc(Br)cc1,2970.0,intermediate
CHEMBL4757005,O=C(O)CN(c1ccc(OC(C(=O)O)c2ccccc2)c2ccccc12)S(=O)(=O)c1cccc2ccccc12,780.0,active
CHEMBL4743402,Cc1cc(C)c(S(=O)(=O)N(CC(=O)O)c2ccc(OC(C(=O)O)c3ccc(C(F)(F)F)cc3)c3ccccc23)c(C)c1,1190.0,intermediate
CHEMBL4796980,Cc1cc(C)c(S(=O)(=O)N(CC(=O)O)c2ccc(OC(C(=O)O)c3ccc(O)cc3)c3ccccc23)c(C)c1,160.0,active
CHEMBL4740287,COc1ccc(C(Oc2ccc(N(CC(=O)O)S(=O)(=O)c3c(C)cc(C)cc3C)c3ccccc23)C(=O)O)cc1,75.0,active
CHEMBL4764502,CCOc1ccc(C(Oc2ccc(N(CC(=O)O)S(=O)(=O)c3c(C)cc(C)cc3C)c3ccccc23)C(=O)O)cc1,150.0,active
CHEMBL4777247,Cc1cc(C)c(S(=O)(=O)N(CC(=O)O)c2ccc(OC(C(=O)O)c3ccc(OC(C)C)cc3)c3ccccc23)c(C)c1,500.0,active
CHEMBL4789789,Cc1cc(C)c(S(=O)(=O)N(CC(=O)O)c2ccc(OC(C(=O)O)c3ccc(C(C)(C)C)cc3)c3ccccc23)c(C)c1,19000.0,inactive
CHEMBL4741548,CC(=O)Nc1ccc(C(Oc2ccc(N(CC(=O)O)S(=O)(=O)c3c(C)cc(C)cc3C)c3ccccc23)C(=O)O)cc1,980.0,active
CHEMBL4793340,Cc1cc(C)c(S(=O)(=O)N(CC(=O)O)c2ccc(OC(C(=O)O)c3ccc(F)cc3)c3ccccc23)c(C)c1,170.0,active
CHEMBL4795421,Cc1cc(C)c(S(=O)(=O)N(CC(=O)O)c2ccc(OC(C(=O)O)c3ccc(Cl)cc3)c3ccccc23)c(C)c1,190.0,active
CHEMBL4748547,Cc1cc(C)c(S(=O)(=O)N(CC(=O)O)c2ccc(OC(C(=O)O)c3ccc(Br)cc3)c3ccccc23)c(C)c1,430.0,active
CHEMBL4872820,CS(=O)(=O)Nc1ccc(S(=O)(=O)N(CC(=O)O)c2ccc(N(CC(=O)O)S(=O)(=O)c3ccc(NS(C)(=O)=O)cc3)c3ccccc23)cc1,194.0,active
CHEMBL4862491,O=C(O)CN(c1ccc(N(CC(=O)O)S(=O)(=O)c2ccc(NC(=O)C(F)(F)F)cc2)c2ccccc12)S(=O)(=O)c1ccc(NC(=O)C(F)(F)F)cc1,126.0,active
CHEMBL4846463,O=C(O)CN(c1ccc(N(CC(=O)O)S(=O)(=O)c2ccc(N3C(=O)c4ccccc4C3=O)cc2)c2ccccc12)S(=O)(=O)c1ccc(N2C(=O)c3ccccc3C2=O)cc1,82.0,active
CHEMBL4857990,COc1ccc(S(=O)(=O)N(CC(=O)O)c2ccc(N(CC(=O)O)S(=O)(=O)c3ccc(OC)cc3Br)c3ccccc23)c(Br)c1,184.0,active
CHEMBL4853900,O=C(O)CN(c1ccc(N(CC(=O)O)S(=O)(=O)c2ccc3c(c2)OCCO3)c2ccccc12)S(=O)(=O)c1ccc2c(c1)OCCO2,120.0,active
CHEMBL4860663,O=C(O)CN(c1ccc(N(CC(=O)O)S(=O)(=O)c2cc3c(cc2Cl)OCCO3)c2ccccc12)S(=O)(=O)c1cc2c(cc1Cl)OCCO2,144.0,active
CHEMBL4851973,O=C(O)CN(c1ccc(N(CC(=O)O)S(=O)(=O)c2ccc3c(c2)CCCO3)c2ccccc12)S(=O)(=O)c1ccc2c(c1)CCCO2,146.0,active
CHEMBL4863099,O=C(O)CN(c1ccc(N(CC(=O)O)S(=O)(=O)c2ccc3c(c2)OCO3)c2ccccc12)S(=O)(=O)c1ccc2c(c1)OCO2,149.0,active
CHEMBL4867904,O=C(O)CN(c1ccc(N(CC(=O)O)S(=O)(=O)c2ccc3c(c2)CCO3)c2ccccc12)S(=O)(=O)c1ccc2c(c1)CCO2,164.0,active
CHEMBL4858288,COc1ccc(S(=O)(=O)N(Cc2nnn[nH]2)c2ccc(N(Cc3nnn[nH]3)S(=O)(=O)c3ccc(OC)cc3)c3ccccc23)cc1,96.7,active
CHEMBL4876513,O=S(=O)(c1ccc(C(F)(F)F)cc1)N(Cc1nnn[nH]1)c1ccc(N(Cc2nnn[nH]2)S(=O)(=O)c2ccc(C(F)(F)F)cc2)c2ccccc12,302.0,active
CHEMBL4865999,O=S(=O)(c1ccc2c(c1)OCCO2)N(Cc1nnn[nH]1)c1ccc(N(Cc2nnn[nH]2)S(=O)(=O)c2ccc3c(c2)OCCO3)c2ccccc12,93.5,active
CHEMBL5178614,COc1ccc(S(=O)(=O)N(CC(=O)O)c2ccc(N(CC(=O)O)S(=O)(=O)c3ccc(OC)cc3)c(-c3ccccc3)c2)cc1,3470.0,intermediate
CHEMBL5195389,COc1ccc(S(=O)(=O)N(CC(=O)O)c2ccc(N(CC(=O)O)S(=O)(=O)c3ccc(OC)cc3)c(N(C)Cc3ccccc3)c2)cc1,6170.0,intermediate
CHEMBL5172581,COc1ccc(S(=O)(=O)N(CC(=O)O)c2ccc(N(CC(=O)O)S(=O)(=O)c3ccc(OC)cc3)c(OCc3ccccc3)c2)cc1,790.0,active
CHEMBL5193234,COc1ccc(S(=O)(=O)N(CC(=O)O)c2ccc(N(CC(=O)O)S(=O)(=O)c3ccc(OC)cc3)c(COc3ccccc3)c2)cc1,2620.0,intermediate
CHEMBL5173969,COc1ccc(S(=O)(=O)N(CC(=O)O)c2ccc(N(CC(=O)O)S(=O)(=O)c3ccc(OC)cc3)c(Oc3ccccc3)c2)cc1,137000.0,inactive
CHEMBL5206460,COc1ccc(S(=O)(=O)N(CC(=O)O)c2ccc(N(CC(=O)O)S(=O)(=O)c3ccc(OC)cc3)c(OCCc3ccccc3)c2)cc1,1020.0,intermediate
CHEMBL5197641,COc1ccc(S(=O)(=O)N(CC(=O)O)c2ccc(N(CC(=O)O)S(=O)(=O)c3ccc(OC)cc3)c(OCCCc3ccccc3)c2)cc1,950.0,active
CHEMBL5172151,COc1ccc(COc2cc(N(CC(=O)O)S(=O)(=O)c3ccc(OC)cc3)ccc2N(CC(=O)O)S(=O)(=O)c2ccc(OC)cc2)cc1,770.0,active
CHEMBL5193318,COc1ccc(S(=O)(=O)N(CC(=O)O)c2ccc(N(CC(=O)O)S(=O)(=O)c3ccc(OC)cc3)c(OCc3ccc(F)cc3)c2)cc1,910.0,active
CHEMBL5170573,COc1ccc(S(=O)(=O)N(CC(=O)O)c2ccc(N(CC(=O)O)S(=O)(=O)c3ccc(OC)cc3)c(OCc3ccc(C)cc3)c2)cc1,620.0,active
CHEMBL5169973,COc1ccc(S(=O)(=O)N(CC(=O)O)c2ccc(N(CC(=O)O)S(=O)(=O)c3ccc(OC)cc3)c(OCc3cccnc3)c2)cc1,760.0,active
CHEMBL5179491,COc1ccc(S(=O)(=O)N(CC(=O)O)c2ccc(N(CC(=O)O)S(=O)(=O)c3ccc(OC)cc3)c(OCc3ccc4ccccc4c3)c2)cc1,480.0,active
CHEMBL5194986,COc1ccc(S(=O)(=O)N(CC(=O)O)c2ccc(N(CC(=O)O)S(=O)(=O)c3ccc(OC)cc3)c(OCc3ccc(-c4ccccc4)cc3)c2)cc1,390.0,active
CHEMBL5170433,COc1ccc(S(=O)(=O)N(CC(=O)O)c2ccc(N(CC(=O)O)S(=O)(=O)c3ccc(OC)cc3)c(Oc3ccc4ccccc4c3)c2)cc1,890.0,active
CHEMBL5204857,COc1ccc(S(=O)(=O)N(CC(=O)O)c2ccc(N(CC(=O)O)S(=O)(=O)c3ccc(OC)cc3)c(OCc3cccc4ccccc34)c2)cc1,790.0,active
CHEMBL5201757,COc1ccc(S(=O)(=O)N(CC(=O)O)c2ccc(N(CC(=O)O)S(=O)(=O)c3ccc(OC)cc3)c(Oc3ccc(-c4ccccc4)cc3)c2)cc1,1190.0,intermediate
CHEMBL5181239,COc1ccc(S(=O)(=O)N(CC(=O)O)c2ccc(N(CC(=O)O)S(=O)(=O)c3ccc(OC)cc3)c(OCc3ccc(Oc4ccccc4)cc3)c2)cc1,830.0,active
CHEMBL5193997,Cc1ccc(S(=O)(=O)N(CC(=O)O)c2ccc(N(CC(=O)O)S(=O)(=O)c3ccc(C)cc3)c(OCc3ccccc3)c2)cc1,450.0,active
CHEMBL5175042,O=C(O)CN(c1ccc(N(CC(=O)O)S(=O)(=O)c2ccc(-c3ccccc3)cc2)c(OCc2ccccc2)c1)S(=O)(=O)c1ccc(-c2ccccc2)cc1,750.0,active
CHEMBL5185432,O=C(O)CN(c1ccc(N(CC(=O)O)S(=O)(=O)c2ccc(F)cc2)c(OCc2ccccc2)c1)S(=O)(=O)c1ccc(F)cc1,2410.0,intermediate
CHEMBL5170311,O=C(O)CN(c1ccc(N(CC(=O)O)S(=O)(=O)c2ccc(C(F)(F)F)cc2)c(OCc2ccccc2)c1)S(=O)(=O)c1ccc(C(F)(F)F)cc1,1760.0,intermediate
CHEMBL5189242,O=C(O)CN(c1ccc(N(CC(=O)O)S(=O)(=O)c2ccc(Br)cc2)c(OCc2ccccc2)c1)S(=O)(=O)c1ccc(Br)cc1,590.0,active
CHEMBL5208847,Cc1cccc(S(=O)(=O)N(CC(=O)O)c2ccc(N(CC(=O)O)S(=O)(=O)c3cccc(C)c3)c(OCc3ccccc3)c2)c1,1000.0,active
CHEMBL5181633,Cc1ccc(S(=O)(=O)N(CC(=O)O)c2ccc(N(CC(=O)O)S(=O)(=O)c3ccc(C)cc3)c(OCc3ccc(F)cc3)c2)cc1,450.0,active
CHEMBL5169675,Cc1cc(C)c(S(=O)(=O)N(CC(=O)O)c2ccc(N(CC(=O)O)S(=O)(=O)c3c(C)cc(C)cc3C)c(OCc3ccc(F)cc3)c2)c(C)c1,3730.0,intermediate
CHEMBL5206821,Cc1ccc(S(=O)(=O)N(CC(=O)O)c2ccc(N(CC(=O)O)S(=O)(=O)c3ccc(C)cc3)c(OCc3ccc4ccccc4c3)c2)cc1,380.0,active
CHEMBL5197111,Cc1ccc(S(=O)(=O)N(CC(=O)O)c2ccc(N(CC(=O)O)S(=O)(=O)c3ccc(C)cc3)c(OCc3ccc(-c4ccccc4)cc3)c2)cc1,440.0,active
CHEMBL5191463,Cc1ccc(S(=O)(=O)N(Cc2nnn[nH]2)c2ccc(N(Cc3nnn[nH]3)S(=O)(=O)c3ccc(C)cc3)c(OCc3ccc(F)cc3)c2)cc1,3920.0,intermediate
CHEMBL5199661,Cc1ccc(S(=O)(=O)N(c2ccc(N([C@@H](C)C(=O)O)S(=O)(=O)c3ccc(C)cc3)c(OCc3ccc(F)cc3)c2)[C@@H](C)C(=O)O)cc1,1270.0,intermediate
CHEMBL5184245,Cc1ccc(S(=O)(=O)N(CC(=O)O)c2cc(OCc3ccc(F)cc3)c(N(CC(=O)O)S(=O)(=O)c3ccc(C)cc3)c3ccccc23)cc1,65.0,active
CHEMBL5172398,CC(C)Oc1cccc(-c2cccc(-n3ncc(C(=O)O)c3C(F)(F)F)n2)c1,8500.0,intermediate
CHEMBL5195110,CN(C)C(=O)c1cccc(-c2cccc(-n3ncc(C(=O)O)c3C(F)(F)F)n2)c1,1000.0,active
CHEMBL5174352,O=C(O)c1cnn(-c2ccccn2)c1C(F)(F)F,1000000.0,inactive
CHEMBL1540706,O=C(O)c1cnn(-c2ccccc2)c1C(F)(F)F,300000.0,inactive
CHEMBL5198613,O=C(O)c1cnn(-c2cccc(NS(=O)(=O)c3ccccc3)c2)c1C(F)(F)F,4600.0,intermediate
CHEMBL5173186,O=C(O)c1cnn(-c2cccc(-c3cccc(CNS(=O)(=O)c4ccccc4)c3)c2)c1C(F)(F)F,45000.0,inactive
CHEMBL5178836,CN(C)C(=O)c1cccc(-c2cccc(-n3ncc(C(=O)O)c3C(F)(F)F)c2)c1,480.0,active
CHEMBL5173682,CN(C)C(=O)c1ccnc(-c2cccc(-n3ncc(C(=O)O)c3C(F)(F)F)c2)c1,7500.0,intermediate
CHEMBL5185711,CN(C)C(=O)c1cncc(-c2cccc(-n3ncc(C(=O)O)c3C(F)(F)F)c2)c1,3700.0,intermediate
CHEMBL5209263,CN(C)C(=O)c1cccc(-c2cccc(-n3ncc(C(=O)O)c3C(C)(C)C)n2)c1,10000.0,inactive
CHEMBL5191287,CN(C)C(=O)c1cccc(-c2cccc(-n3ncc(C(=O)O)c3C3CCCC3)c2)c1,1000.0,active
CHEMBL5171689,CN(C)C(=O)c1cccc(-c2cccc(-n3ncc(C(=O)O)c3C3CCCCC3)c2)c1,1800.0,intermediate
CHEMBL5173394,CC(=O)N1CCC(c2c(C(=O)O)cnn2-c2cccc(-c3cccc(C(=O)N(C)C)c3)c2)CC1,3500.0,intermediate
CHEMBL5208759,CN(C)C(=O)c1cccc(-c2cccc(-n3ncc(C(=O)O)c3-c3cccnc3)c2)c1,2000.0,intermediate
CHEMBL5169432,CN(C)C(=O)c1cccc(-c2cccc(-n3ncc(C(=O)O)c3C3CC3)c2)c1,370.0,active
CHEMBL5203783,CN(C)C(=O)c1cccc(-c2cccc(-n3ncc(C(=O)O)c3C3CC3c3cn(C)nn3)c2)c1,41.0,active
CHEMBL5200409,CN(C)C(=O)c1cccc(-c2cccc(-n3ncc(C(=O)O)c3C3CC3)c2)c1F,10000.0,inactive
CHEMBL5176162,O=C(O)c1cnn(-c2cccc(-c3cccc(C(=O)N4CCCCC4)c3F)c2)c1C1CC1,120.0,active
CHEMBL5208399,CCC[C@H]1CCCCN1C(=O)c1cccc(-c2cccc(-n3ncc(C(=O)O)c3C3CC3)c2)c1F,60.0,active
CHEMBL5204388,CN(C)C(=O)[C@H]1CCC[C@@H](c2cccc(-n3ncc(C(=O)O)c3C3CC3)c2)C1,240.0,active
CHEMBL5206413,O=C(O)c1cnn(-c2cccc([C@@H]3CCC[C@H](C(=O)N4CCCCC4)C3)c2)c1C1CC1,300.0,active
CHEMBL5207900,CCCC1CCCCN1C(=O)C1CCCC(c2cccc(-n3ncc(C(=O)O)c3C3CC3)c2)C1,230.0,active
CHEMBL5175068,CCCC1CCCCN1C(=O)c1cccc(-c2cccc(-n3ncc(C(=O)O)c3C3CC3c3cccnc3)c2)c1,221.0,active
CHEMBL5202293,CN(CC1CC1)C(=O)c1cccc(-c2cccc(-n3ncc(C(=O)O)c3C3CC3)c2)c1F,1000.0,active
CHEMBL5189627,CCCC1CCCCN1C(=O)c1cccc(-c2cccc(-n3ncc(C(=O)O)c3C3CC3c3ccccn3)c2)c1,42.0,active
CHEMBL5203566,CCOc1cc(N(CC(=O)O)S(=O)(=O)c2ccc(OC)cc2)ccc1N(CC(=O)O)S(=O)(=O)c1ccc(OC)cc1,815.0,active
CHEMBL5207192,CCCCOc1cc(N(CC(=O)O)S(=O)(=O)c2ccc(OC)cc2)ccc1N(CC(=O)O)S(=O)(=O)c1ccc(OC)cc1,677.0,active
CHEMBL5174036,CCCOc1cc(N(CC(=O)O)S(=O)(=O)c2ccc(OC)cc2)ccc1N(CC(=O)O)S(=O)(=O)c1ccc(OC)cc1,1190.0,intermediate
CHEMBL5195422,COc1ccc(S(=O)(=O)N(CC(=O)O)c2ccc(N(CC(=O)O)S(=O)(=O)c3ccc(OC)cc3)c(OCc3cccc(OC)c3)c2)cc1,805.0,active
CHEMBL5189014,COc1ccc(S(=O)(=O)N(CC(=O)O)c2ccc(N(CC(=O)O)S(=O)(=O)c3ccc(OC)cc3)c(O)c2)cc1,1110.0,intermediate
CHEMBL5179855,COc1ccc(S(=O)(=O)N(Cc2nnn[nH]2)c2ccc(N(Cc3nnn[nH]3)S(=O)(=O)c3ccc(OC)cc3)c(OCc3ccccc3)c2)cc1,37000.0,inactive
CHEMBL5181288,COc1ccc(S(=O)(=O)N(Cc2nnn[nH]2)c2ccc(N(CC(=O)O)S(=O)(=O)c3ccc(OC)cc3)c(OCc3ccccc3)c2)cc1,2930.0,intermediate
CHEMBL3899754,Cc1cc(C)c(C)c(S(=O)(=O)Nc2ccc(N3CC[C@H](C(=O)O)C3)c3ccccc23)c1C,140.0,active
CHEMBL3235901,CC(C)c1ccc(S(=O)(=O)Nc2cc(Sc3nc[nH]n3)c(O)c3ccccc23)cc1,2900.0,intermediate
CHEMBL4640621,COc1ccc(S(=O)(=O)N(Cc2ccccc2CN([C@@H](C)C(=O)O)S(=O)(=O)c2ccc(OC)cc2)[C@@H](C)C(=O)O)cc1,150.0,active
CHEMBL5219681,COc1ccc(S(=O)(=O)Nc2ccc(N(CC(=O)N3CCSC3=O)S(=O)(=O)c3ccc(OC)cc3)c3ccccc23)cc1,97.0,active
CHEMBL4739983,COc1ccc(S(=O)(=O)NC(=O)CN(c2cccc3c2CCN3C(C(=O)NS(=O)(=O)c2ccc(C)cc2OC)c2cccc(OC)c2)S(=O)(=O)c2ccc(OC)cc2)cc1,22.0,active
CHEMBL5275894,CC1(C)OB(c2ccc(COn3c(C(=O)NCc4ccc(-c5ccccc5)cc4)cccc3=O)cc2)OC1(C)C,96.7,active
CHEMBL1200969,C[C@]12C=CC(=O)N[C@@H]1CC[C@@H]1[C@@H]2CC[C@]2(C)[C@@H](C(=O)Nc3cc(C(F)(F)F)ccc3C(F)(F)F)CC[C@@H]12,2810.0,intermediate
CHEMBL603,COc1cc(C(=O)NS(=O)(=O)c2ccccc2C)ccc1Cc1cn(C)c2ccc(NC(=O)OC3CCCC3)cc12,5870.0,intermediate
CHEMBL75,CC(=O)N1CCN(c2ccc(OC[C@H]3CO[C@](Cn4ccnc4)(c4ccc(Cl)cc4Cl)O3)cc2)CC1,1670.0,intermediate
CHEMBL5273569,COC1=C(NCC(=O)O)CC(O)(CO)C/C1=N\C(CO)C(=O)O,100000.0,inactive
CHEMBL5275624,COC1=C(NCC(=O)O)CC(O)(CO)C/C1=N\C(C(=O)O)C(C)O,100000.0,inactive
CHEMBL3617787,CC(=O)N[C@@H](CC(=O)O)C(=O)N[C@@H](CCC(=O)O)C(=O)N[C@@H](CCC(=O)O)C(=O)N[C@H](C(=O)NCC(=O)N[C@@H](CCC(=O)O)C(=O)N[C@@H](Cc1ccccc1)C(=O)O)[C@@H](C)O,389.0,active
CHEMBL3928693,CC(=O)N[C@@H](CC(=O)O)C(=O)N1CCC[C@H]1C(=O)N[C@@H](CCC(=O)O)C(=O)N[C@H](C(=O)NCC(=O)N[C@@H](CCC(=O)O)C(=O)N[C@@H](CC(C)C)C(=O)O)[C@@H](C)O,115.0,active
CHEMBL4169002,CC(C)C[C@@H]1NC(=O)[C@H](Cc2ccccc2)NC(=O)[C@H](CCC(=O)O)NC(=O)CNC(=O)[C@H]([C@@H](C)O)NC(=O)[C@H](CCC(=O)O)NC(=O)[C@@H]2CCCN2C(=O)[C@H](CC(=O)O)NC(=O)[C@H](CC(C)C)NC(=O)[C@H](CCC(N)=O)NC(=O)CNC1=O,31.0,active
CHEMBL5285536,CC(C)C[C@@H]1NC(=O)[C@H](Cc2ccccc2)NC(=O)[C@H](CCC(=O)O)NC(=O)CNC(=O)[C@H]([C@@H](C)O)NC(=O)[C@H](CCC(=O)O)NC(=O)[C@@H]2CCCN2C(=O)[C@H](CC(=O)O)NC(=O)[C@H](CC(C)C)NC(=O)[C@H](CCC(=O)NCCOCCOCC(=O)NCCCC[C@H](NC(=O)CC[C@@H]2NC(=O)[C@H](CCCNC(=N)N)NC(=O)[C@H](CCCNC(=N)N)NC(=O)[C@H](CCCNC(=N)N)NC(=O)[C@H](CCCNC(=N)N)NC(=O)[C@H](Cc3ccc4ccccc4c3)NC(=O)[C@H](Cc3ccccc3)NC2=O)C(N)=O)NC(=O)CNC1=O,153.0,active
CHEMBL5273301,CCOc1ccc(S(=O)(=O)Nc2cc3c(C(=O)NO)cn(S(=O)(=O)c4ccc(OCC)cc4)c3c3ccccc23)cc1,200.0,active
CHEMBL5277720,CCCCC1CCCN1C(=O)c1cccc(-c2cccc(-n3ncc(C(=O)O)c3C3CC3)c2)c1,63.0,active
CHEMBL1969108,Cc1ccc(S(=O)(=O)Oc2nc3nc4ccccc4nc3nc2OS(=O)(=O)c2ccc(C)cc2)cc1,258.0,active
CHEMBL4208450,O=C(O)c1ccc(NC2=C/C(=N/S(=O)(=O)c3ccc4ccccc4c3)c3ccccc3C2=O)cc1,2700.0,intermediate
CHEMBL4648717,NC(=O)[C@H]1CC[C@H]1C(=O)N1CCc2c(OCCO)cccc2[C@H]1CN1C(=O)c2ccccc2C1=O,2500.0,intermediate
CHEMBL5273621,COc1ccc(S(=O)(=O)Nc2ccc(N3CCCCCC3)cc2C(=O)O)cc1,37000.0,inactive
CHEMBL5266194,Cc1ccc(C(CC(=O)O)NC(=O)Cc2ccc3c(c2)CCCC3)cc1,40000.0,inactive
CHEMBL5280279,Cc1ccc([C@@H](CC(=O)O)NC(=O)Cc2ccc3c(c2)CCCC3)cc1,100000.0,inactive
CHEMBL5286485,Cc1ccc([C@H](CC(=O)O)NC(=O)Cc2ccc3c(c2)CCCC3)cc1,39000.0,inactive
CHEMBL5271230,Cc1ccc(C(NC(=O)Cc2ccc3c(c2)CCCC3)C(C)(C)C(=O)O)cc1,17000.0,inactive
CHEMBL5274849,Cc1ccc(C(NC(=O)Cc2ccc3c(c2)CCCC3)C2(C(=O)O)CC2)cc1,54000.0,inactive
CHEMBL5283445,Cc1ccc([C@@H](NC(=O)Cc2ccc3c(c2)CCCC3)[C@H](C)C(=O)O)cc1,51000.0,inactive
CHEMBL5284304,Cc1ccc([C@@H](NC(=O)Cc2ccc3c(c2)CCCC3)[C@@H](C)C(=O)O)cc1,2800.0,intermediate
CHEMBL5265976,CC[C@H](C(=O)O)[C@H](NC(=O)Cc1ccc2c(c1)CCCC2)c1ccc(C)cc1,99000.0,inactive
CHEMBL5285861,CC[C@@H](C(=O)O)[C@H](NC(=O)Cc1ccc2c(c1)CCCC2)c1ccc(C)cc1,55000.0,inactive
CHEMBL5289579,Cc1ccc([C@@H](NC(=O)Cc2ccccc2)[C@@H](C)C(=O)O)cc1,67000.0,inactive
CHEMBL5274045,Cc1ccc([C@@H](NC(=O)C(=O)c2ccccc2)[C@@H](C)C(=O)O)cc1,100000.0,inactive
CHEMBL5281246,Cc1ccc([C@@H](NC(=O)[C@@H](O)c2ccccc2)[C@@H](C)C(=O)O)cc1,96000.0,inactive
CHEMBL5273258,Cc1ccc([C@@H](NC(=O)[C@H](O)c2ccccc2)[C@@H](C)C(=O)O)cc1,100000.0,inactive
CHEMBL5270092,CO[C@H](C(=O)N[C@H](c1ccc(C)cc1)[C@@H](C)C(=O)O)c1ccccc1,100000.0,inactive
CHEMBL5277909,CO[C@@H](C(=O)N[C@H](c1ccc(C)cc1)[C@@H](C)C(=O)O)c1ccccc1,83000.0,inactive
CHEMBL5289954,Cc1ccc([C@@H](NC(=O)C(F)(F)c2ccccc2)[C@@H](C)C(=O)O)cc1,8900.0,intermediate
CHEMBL5278346,Cc1ccc([C@@H](NC(=O)[C@@H](F)c2ccccc2)[C@@H](C)C(=O)O)cc1,3500.0,intermediate
CHEMBL5286321,Cc1ccc([C@@H](NC(=O)[C@H](F)c2ccccc2)[C@@H](C)C(=O)O)cc1,90000.0,inactive
CHEMBL5284493,Cc1ccc([C@@H](NC(=O)[C@@H](F)c2ccc3c(c2)CCCC3)[C@@H](C)C(=O)O)cc1,89.0,active
CHEMBL5431154,COc1ccc(S(=O)(=O)N(CC(=O)O)c2cc(-c3ccccc3)c(N(CC(=O)O)S(=O)(=O)c3ccc(OC)cc3)c3ccccc23)cc1,96.0,active
CHEMBL5402805,COc1ccc(-c2cc(N(CC(=O)O)S(=O)(=O)c3ccc(OC)cc3)c3ccccc3c2N(CC(=O)O)S(=O)(=O)c2ccc(OC)cc2)cc1,85.0,active
CHEMBL5421804,COc1ccc(S(=O)(=O)N(CC(=O)O)c2cc(-c3ccc(C#N)cc3)c(N(CC(=O)O)S(=O)(=O)c3ccc(OC)cc3)c3ccccc23)cc1,117.0,active
CHEMBL5407848,COc1ccc(S(=O)(=O)N(CC(=O)O)c2cc(-c3ccc(N4C(=O)c5ccccc5C4=O)cc3)c(N(CC(=O)O)S(=O)(=O)c3ccc(OC)cc3)c3ccccc23)cc1,90.0,active
CHEMBL5429390,COc1ccc(S(=O)(=O)N(CC(=O)O)c2cc(Sc3ccccc3)c(N(CC(=O)O)S(=O)(=O)c3ccc(OC)cc3)c3ccccc23)cc1,85.0,active
CHEMBL5414850,COc1ccc(S(=O)(=O)N(CC(=O)O)c2cc(CCCN3C(=O)c4ccccc4C3=O)c(N(CC(=O)O)S(=O)(=O)c3ccc(OC)cc3)c3ccccc23)cc1,77.0,active
CHEMBL5413111,COc1ccc(S(=O)(=O)N(CC(N)=O)c2cc(CCC(=O)O)c(N(CC(N)=O)S(=O)(=O)c3ccc(OC)cc3)c3ccccc23)cc1,162.0,active
CHEMBL5424133,COc1ccc(S(=O)(=O)N(CC(=O)O)c2cc(CCC(=O)NC(C)C)c(N(CC(=O)O)S(=O)(=O)c3ccc(OC)cc3)c3ccccc23)cc1,102.0,active
CHEMBL5394501,COc1ccc(S(=O)(=O)N(CC(=O)O)c2cc(CCC(=O)N3CCOCC3)c(N(CC(=O)O)S(=O)(=O)c3ccc(OC)cc3)c3ccccc23)cc1,87.0,active
CHEMBL5434743,COc1ccc(S(=O)(=O)N(CC(=O)O)c2cc(CCC(N)=O)c(N(CC(=O)O)S(=O)(=O)c3ccc(OC)cc3)c3ccccc23)cc1,108.0,active
CHEMBL5428263,COc1ccc(S(=O)(=O)N(CC(=O)O)c2cc(CCCN(C)Cc3ccccc3)c(N(CC(=O)O)S(=O)(=O)c3ccc(OC)cc3)c3ccccc23)cc1,77.0,active
CHEMBL4167793,Cc1cccc2c1CCN(C(=O)[C@@H]1CCCC[C@@H]1C(=O)O)[C@@H]2CN1C(=O)c2ccccc2C1=O,750.0,active
CHEMBL5405289,COc1ccc(S(=O)(=O)Nc2ccc(NS(=O)(=O)c3cccnc3)cc2)cc1,31550.0,inactive
CHEMBL5429563,COc1ccc(S(=O)(=O)N(CC(=O)O)c2c(C)c(C)c(N(CC(=O)O)S(=O)(=O)c3cccnc3)c(C)c2C)cc1,180.0,active
CHEMBL5438828,COc1ccc(S(=O)(=O)N(CC(=O)O)c2ccc(N(CC(=O)O)S(=O)(=O)c3cccnc3)cc2)cc1,890.0,active
